{
  "frames": {
    "idle_0000": {
      "frame": { "x": 4, "y": 1, "w": 28, "h": 35 },
      "rotated": false,
      "trimmed": false,
      "spriteSourceSize": { "x": 0, "y": 0, "w": 28, "h": 35 },
      "sourceSize": { "w": 28, "h": 35 }
    },
    "idle_0001": {
      "frame": { "x": 40, "y": 1, "w": 28, "h": 35 },
      "rotated": false,
      "trimmed": false,
      "spriteSourceSize": { "x": 0, "y": 0, "w": 28, "h": 35 },
      "sourceSize": { "w": 28, "h": 35 }
    },
    "idle_0002": {
      "frame": { "x": 76, "y": 1, "w": 28, "h": 35 },
      "rotated": false,
      "trimmed": false,
      "spriteSourceSize": { "x": 0, "y": 0, "w": 28, "h": 35 },
      "sourceSize": { "w": 28, "h": 35 }
    },
    "idle_0003": {
      "frame": { "x": 112, "y": 1, "w": 28, "h": 35 },
      "rotated": false,
      "trimmed": false,
      "spriteSourceSize": { "x": 0, "y": 0, "w": 28, "h": 35 },
      "sourceSize": { "w": 28, "h": 35 }
    },
    "idle_0004": {
      "frame": { "x": 148, "y": 1, "w": 28, "h": 35 },
      "rotated": false,
      "trimmed": false,
      "spriteSourceSize": { "x": 0, "y": 0, "w": 28, "h": 35 },
      "sourceSize": { "w": 28, "h": 35 }
    },
    "idle_0005": {
      "frame": { "x": 184, "y": 1, "w": 28, "h": 35 },
      "rotated": false,
      "trimmed": false,
      "spriteSourceSize": { "x": 0, "y": 0, "w": 28, "h": 35 },
      "sourceSize": { "w": 28, "h": 35 }
    },
    "idle_0006": {
      "frame": { "x": 220, "y": 1, "w": 28, "h": 35 },
      "rotated": false,
      "trimmed": false,
      "spriteSourceSize": { "x": 0, "y": 0, "w": 28, "h": 35 },
      "sourceSize": { "w": 28, "h": 35 }
    },
    "idle_0007": {
      "frame": { "x": 256, "y": 1, "w": 28, "h": 35 },
      "rotated": false,
      "trimmed": false,
      "spriteSourceSize": { "x": 0, "y": 0, "w": 28, "h": 35 },
      "sourceSize": { "w": 28, "h": 35 }
    },
    "idle_0008": {
      "frame": { "x": 292, "y": 1, "w": 28, "h": 35 },
      "rotated": false,
      "trimmed": false,
      "spriteSourceSize": { "x": 0, "y": 0, "w": 28, "h": 35 },
      "sourceSize": { "w": 28, "h": 35 }
    },
    "idle_0009": {
      "frame": { "x": 328, "y": 1, "w": 28, "h": 35 },
      "rotated": false,
      "trimmed": false,
      "spriteSourceSize": { "x": 0, "y": 0, "w": 28, "h": 35 },
      "sourceSize": { "w": 28, "h": 35 }
    },
    "idle_0010": {
      "frame": { "x": 364, "y": 1, "w": 28, "h": 35 },
      "rotated": false,
      "trimmed": false,
      "spriteSourceSize": { "x": 0, "y": 0, "w": 28, "h": 35 },
      "sourceSize": { "w": 28, "h": 35 }
    },
    "idle_0011": {
      "frame": { "x": 400, "y": 1, "w": 28, "h": 35 },
      "rotated": false,
      "trimmed": false,
      "spriteSourceSize": { "x": 0, "y": 0, "w": 28, "h": 35 },
      "sourceSize": { "w": 28, "h": 35 }
    },
    "idle_0012": {
      "frame": { "x": 436, "y": 1, "w": 28, "h": 35 },
      "rotated": false,
      "trimmed": false,
      "spriteSourceSize": { "x": 0, "y": 0, "w": 28, "h": 35 },
      "sourceSize": { "w": 28, "h": 35 }
    },
    "idle_0013": {
      "frame": { "x": 472, "y": 1, "w": 28, "h": 35 },
      "rotated": false,
      "trimmed": false,
      "spriteSourceSize": { "x": 0, "y": 0, "w": 28, "h": 35 },
      "sourceSize": { "w": 28, "h": 35 }
    },
    "idle_0014": {
      "frame": { "x": 508, "y": 1, "w": 28, "h": 35 },
      "rotated": false,
      "trimmed": false,
      "spriteSourceSize": { "x": 0, "y": 0, "w": 28, "h": 35 },
      "sourceSize": { "w": 28, "h": 35 }
    },
    "idle_0015": {
      "frame": { "x": 544, "y": 1, "w": 28, "h": 35 },
      "rotated": false,
      "trimmed": false,
      "spriteSourceSize": { "x": 0, "y": 0, "w": 28, "h": 35 },
      "sourceSize": { "w": 28, "h": 35 }
    },
    "idle_0016": {
      "frame": { "x": 580, "y": 1, "w": 28, "h": 35 },
      "rotated": false,
      "trimmed": false,
      "spriteSourceSize": { "x": 0, "y": 0, "w": 28, "h": 35 },
      "sourceSize": { "w": 28, "h": 35 }
    },
    "idle_0017": {
      "frame": { "x": 616, "y": 1, "w": 28, "h": 35 },
      "rotated": false,
      "trimmed": false,
      "spriteSourceSize": { "x": 0, "y": 0, "w": 28, "h": 35 },
      "sourceSize": { "w": 28, "h": 35 }
    },
    "idle_0018": {
      "frame": { "x": 652, "y": 1, "w": 28, "h": 35 },
      "rotated": false,
      "trimmed": false,
      "spriteSourceSize": { "x": 0, "y": 0, "w": 28, "h": 35 },
      "sourceSize": { "w": 28, "h": 35 }
    },
    "idle_0019": {
      "frame": { "x": 688, "y": 1, "w": 28, "h": 35 },
      "rotated": false,
      "trimmed": false,
      "spriteSourceSize": { "x": 0, "y": 0, "w": 28, "h": 35 },
      "sourceSize": { "w": 28, "h": 35 }
    }
  },
  "meta": {
    "app": "https://www.leshylabs.com/apps/sstool/",
    "version": "Leshy SpriteSheet Tool v0.8.4",
    "image": "spritesheet.png",
    "size": { "w": 720, "h": 36 },
    "scale": 1
  }
}
